c_lr,cut_lr_every,epochs,eps,batch_size,hidden_dim,activation,negative_slope,proc_type,output_activation,device,beta1,beta2,lr_G,lr_D,n_D,supervised,seed,save_figs,save_iter_plot,report,results_path,plot_interval,iterations,iters,D_losses,G_losses,Wass_dist_test,KS_stat_test,D_layers,G_layers,final_lr_G,final_lr_D,total_time,train_condition,train_condition_ranges,test_condition,params_names,params,SDE,G_grad_layer_0,G_grad_layer_1,G_grad_layer_2,G_grad_layer_3,G_grad_layer_4,D_grad_layer_0,D_grad_layer_1,D_grad_layer_2,D_grad_layer_3,D_grad_layer_4,GradsG_L4,GradsD_L0,GradsD_L1,GradsD_L2,GradsD_L3,GradsD_L4
1.05,500.0,5.0,1e-20,1000.0,200.0,leaky_relu,0.01,scale_S_ref,,cuda:0,0.5,0.999,0.0001,0.0005,2.0,False,0.0,False,True,True,C:\Users\jorin\OneDrive\Thesis\Python Code\final_v_paper\train_results,500.0,1,0.0,1.3574408292770386,0.6955512762069702,0.07169749172763613,0.6181,5.0,5.0,9.523809523809524e-05,0.0005,6.173385143280029,S0,"{'S0': (0.0001, 0.9), 't': (0.05, 2.0)}","{'S0': 0.1, 't': 1}",t,[0.05       0.2        0.66666667 ... 1.         0.2        0.05      ],CIR,3.698215778058511e-06,3.88689022656763e-06,3.9333249333139975e-06,4.720985998574179e-06,0.00014638883294537663,0.0004913601442240179,0.0004642733547370881,0.0004769020015373826,0.0006313269841484725,0.019105449318885803,0.00014638883294537663,0.0004913601442240179,0.0004642733547370881,0.0004769020015373826,0.0006313269841484725,0.019105449318885803
,,,,,,,,,,,,,,,,,,,,,,,2,100.0,1.3153208494186401,0.7027513384819031,0.16143017283407926,0.49082,,,,,,t,,,S0,[1.e-04 2.e-01 9.e-02 ... 5.e-02 5.e-02 3.e-01],,0.006103381048887968,0.00292573613114655,0.001789756934158504,0.0012190464185550809,0.032383110374212265,0.05944870039820671,0.022662077099084854,0.013359488919377327,0.005210711620748043,0.1576129049062729,0.032383110374212265,0.05944870039820671,0.022662077099084854,0.013359488919377327,0.005210711620748043,0.1576129049062729
,,,,,,,,,,,,,,,,,,,,,,,3,200.0,1.2561793327331543,0.7176819443702698,0.029038752267078437,0.19599000000000003,,,,,,,,,S0_test,1,,0.005082094110548496,0.002336586359888315,0.0015515605919063091,0.001070454134605825,0.03321094065904617,0.01585448533296585,0.0076207746751606464,0.004186880774796009,0.0016142841195687652,0.028877949342131615,0.03321094065904617,0.01585448533296585,0.0076207746751606464,0.004186880774796009,0.0016142841195687652,0.028877949342131615
,,,,,,,,,,,,,,,,,,,,,,,4,300.0,1.1934195756912231,0.7465295791625977,0.01844695815449295,0.14521,,,,,,,,,mu,0.05,,0.003032100386917591,0.001654803636483848,0.001089441473595798,0.0008132985094562173,0.024855580180883408,0.02097332663834095,0.010951046831905842,0.00580634456127882,0.0022579834330826998,0.03564034774899483,0.024855580180883408,0.02097332663834095,0.010951046831905842,0.00580634456127882,0.0022579834330826998,0.03564034774899483
,,,,,,,,,,,,,,,,,,,,,,,5,400.0,1.126564383506775,0.7943149209022522,0.025281644410525383,0.26113,,,,,,,,,sigma,0.2,,0.005034389439970255,0.0035214705858379602,0.0024687827099114656,0.0018152793636545539,0.055639564990997314,0.014399398118257523,0.007088863756507635,0.0041847992688417435,0.0018291727174073458,0.03232282027602196,0.055639564990997314,0.014399398118257523,0.007088863756507635,0.0041847992688417435,0.0018291727174073458,0.03232282027602196
,,,,,,,,,,,,,,,,,,,,,,,6,,1.0435824394226074,0.8693369626998901,,,,,,,,,,,kappa,0.1,,,,,,,,,,,,,,,,,
,,,,,,,,,,,,,,,,,,,,,,,7,,0.9607000350952148,0.9769083857536316,,,,,,,,,,,S_bar,0.1,,,,,,,,,,,,,,,,,
,,,,,,,,,,,,,,,,,,,,,,,8,,0.8331543803215027,1.1607493162155151,,,,,,,,,,,gamma,0.3,,,,,,,,,,,,,,,,,
,,,,,,,,,,,,,,,,,,,,,,,9,,0.7074332237243652,1.4010716676712036,,,,,,,,,,,s,0,,,,,,,,,,,,,,,,,
,,,,,,,,,,,,,,,,,,,,,,,10,,0.5406308174133301,1.6696816682815552,,,,,,,,,,,,,,,,,,,,,,,,,,,,,
,,,,,,,,,,,,,,,,,,,,,,,11,,0.4761393368244171,1.8577631711959839,,,,,,,,,,,,,,,,,,,,,,,,,,,,,
,,,,,,,,,,,,,,,,,,,,,,,12,,0.40855878591537476,1.9986017942428589,,,,,,,,,,,,,,,,,,,,,,,,,,,,,
,,,,,,,,,,,,,,,,,,,,,,,13,,0.35575568675994873,2.074594736099243,,,,,,,,,,,,,,,,,,,,,,,,,,,,,
,,,,,,,,,,,,,,,,,,,,,,,14,,0.29347676038742065,2.30861234664917,,,,,,,,,,,,,,,,,,,,,,,,,,,,,
,,,,,,,,,,,,,,,,,,,,,,,15,,0.27853789925575256,2.7118380069732666,,,,,,,,,,,,,,,,,,,,,,,,,,,,,
,,,,,,,,,,,,,,,,,,,,,,,16,,0.25495344400405884,2.5016963481903076,,,,,,,,,,,,,,,,,,,,,,,,,,,,,
,,,,,,,,,,,,,,,,,,,,,,,17,,0.2546784281730652,2.55454158782959,,,,,,,,,,,,,,,,,,,,,,,,,,,,,
,,,,,,,,,,,,,,,,,,,,,,,18,,0.2705098092556,2.6665778160095215,,,,,,,,,,,,,,,,,,,,,,,,,,,,,
,,,,,,,,,,,,,,,,,,,,,,,19,,0.2792624235153198,2.5023000240325928,,,,,,,,,,,,,,,,,,,,,,,,,,,,,
,,,,,,,,,,,,,,,,,,,,,,,20,,0.2675504684448242,2.7377772331237793,,,,,,,,,,,,,,,,,,,,,,,,,,,,,
,,,,,,,,,,,,,,,,,,,,,,,21,,0.295183926820755,2.7761499881744385,,,,,,,,,,,,,,,,,,,,,,,,,,,,,
,,,,,,,,,,,,,,,,,,,,,,,22,,0.3161680996417999,2.803380250930786,,,,,,,,,,,,,,,,,,,,,,,,,,,,,
,,,,,,,,,,,,,,,,,,,,,,,23,,0.32758983969688416,3.0106360912323,,,,,,,,,,,,,,,,,,,,,,,,,,,,,
,,,,,,,,,,,,,,,,,,,,,,,24,,0.4232969284057617,2.987874746322632,,,,,,,,,,,,,,,,,,,,,,,,,,,,,
,,,,,,,,,,,,,,,,,,,,,,,25,,0.3774572014808655,3.090561628341675,,,,,,,,,,,,,,,,,,,,,,,,,,,,,
,,,,,,,,,,,,,,,,,,,,,,,26,,0.4265698194503784,2.9986751079559326,,,,,,,,,,,,,,,,,,,,,,,,,,,,,
,,,,,,,,,,,,,,,,,,,,,,,27,,0.4919142723083496,2.60302996635437,,,,,,,,,,,,,,,,,,,,,,,,,,,,,
,,,,,,,,,,,,,,,,,,,,,,,28,,0.5109179615974426,2.604053258895874,,,,,,,,,,,,,,,,,,,,,,,,,,,,,
,,,,,,,,,,,,,,,,,,,,,,,29,,0.5479695796966553,2.4724066257476807,,,,,,,,,,,,,,,,,,,,,,,,,,,,,
,,,,,,,,,,,,,,,,,,,,,,,30,,0.5733630657196045,2.2410664558410645,,,,,,,,,,,,,,,,,,,,,,,,,,,,,
,,,,,,,,,,,,,,,,,,,,,,,31,,0.5770584344863892,2.2692835330963135,,,,,,,,,,,,,,,,,,,,,,,,,,,,,
,,,,,,,,,,,,,,,,,,,,,,,32,,0.5591866970062256,2.203746795654297,,,,,,,,,,,,,,,,,,,,,,,,,,,,,
,,,,,,,,,,,,,,,,,,,,,,,33,,0.5892319083213806,2.0733582973480225,,,,,,,,,,,,,,,,,,,,,,,,,,,,,
,,,,,,,,,,,,,,,,,,,,,,,34,,0.6164489984512329,2.0437865257263184,,,,,,,,,,,,,,,,,,,,,,,,,,,,,
,,,,,,,,,,,,,,,,,,,,,,,35,,0.6706926226615906,1.960908055305481,,,,,,,,,,,,,,,,,,,,,,,,,,,,,
,,,,,,,,,,,,,,,,,,,,,,,36,,0.6886810064315796,1.8609763383865356,,,,,,,,,,,,,,,,,,,,,,,,,,,,,
,,,,,,,,,,,,,,,,,,,,,,,37,,0.7280013561248779,1.765098214149475,,,,,,,,,,,,,,,,,,,,,,,,,,,,,
,,,,,,,,,,,,,,,,,,,,,,,38,,0.6928443312644958,1.849857211112976,,,,,,,,,,,,,,,,,,,,,,,,,,,,,
,,,,,,,,,,,,,,,,,,,,,,,39,,0.7210845947265625,1.760993242263794,,,,,,,,,,,,,,,,,,,,,,,,,,,,,
,,,,,,,,,,,,,,,,,,,,,,,40,,0.7661120891571045,1.6642661094665527,,,,,,,,,,,,,,,,,,,,,,,,,,,,,
,,,,,,,,,,,,,,,,,,,,,,,41,,0.7785425782203674,1.6864557266235352,,,,,,,,,,,,,,,,,,,,,,,,,,,,,
,,,,,,,,,,,,,,,,,,,,,,,42,,0.7692937850952148,1.641819953918457,,,,,,,,,,,,,,,,,,,,,,,,,,,,,
,,,,,,,,,,,,,,,,,,,,,,,43,,0.8251765966415405,1.6212334632873535,,,,,,,,,,,,,,,,,,,,,,,,,,,,,
,,,,,,,,,,,,,,,,,,,,,,,44,,0.8574986457824707,1.5651719570159912,,,,,,,,,,,,,,,,,,,,,,,,,,,,,
,,,,,,,,,,,,,,,,,,,,,,,45,,0.8194730281829834,1.640562653541565,,,,,,,,,,,,,,,,,,,,,,,,,,,,,
,,,,,,,,,,,,,,,,,,,,,,,46,,0.8326411247253418,1.6659421920776367,,,,,,,,,,,,,,,,,,,,,,,,,,,,,
,,,,,,,,,,,,,,,,,,,,,,,47,,0.8664308786392212,1.6713905334472656,,,,,,,,,,,,,,,,,,,,,,,,,,,,,
,,,,,,,,,,,,,,,,,,,,,,,48,,0.8630877137184143,1.7340734004974365,,,,,,,,,,,,,,,,,,,,,,,,,,,,,
,,,,,,,,,,,,,,,,,,,,,,,49,,0.880631148815155,1.5542666912078857,,,,,,,,,,,,,,,,,,,,,,,,,,,,,
,,,,,,,,,,,,,,,,,,,,,,,50,,0.8965671062469482,1.4920423030853271,,,,,,,,,,,,,,,,,,,,,,,,,,,,,
,,,,,,,,,,,,,,,,,,,,,,,51,,0.9312084913253784,1.435090184211731,,,,,,,,,,,,,,,,,,,,,,,,,,,,,
,,,,,,,,,,,,,,,,,,,,,,,52,,0.907400369644165,1.5025094747543335,,,,,,,,,,,,,,,,,,,,,,,,,,,,,
,,,,,,,,,,,,,,,,,,,,,,,53,,0.8916215896606445,1.4993292093276978,,,,,,,,,,,,,,,,,,,,,,,,,,,,,
,,,,,,,,,,,,,,,,,,,,,,,54,,0.9028903245925903,1.5934756994247437,,,,,,,,,,,,,,,,,,,,,,,,,,,,,
,,,,,,,,,,,,,,,,,,,,,,,55,,0.9132331609725952,1.633908748626709,,,,,,,,,,,,,,,,,,,,,,,,,,,,,
,,,,,,,,,,,,,,,,,,,,,,,56,,0.8379972577095032,2.0002009868621826,,,,,,,,,,,,,,,,,,,,,,,,,,,,,
,,,,,,,,,,,,,,,,,,,,,,,57,,0.9243450164794922,1.9238090515136719,,,,,,,,,,,,,,,,,,,,,,,,,,,,,
,,,,,,,,,,,,,,,,,,,,,,,58,,0.8340699672698975,1.8149832487106323,,,,,,,,,,,,,,,,,,,,,,,,,,,,,
,,,,,,,,,,,,,,,,,,,,,,,59,,0.8995663523674011,1.7306139469146729,,,,,,,,,,,,,,,,,,,,,,,,,,,,,
,,,,,,,,,,,,,,,,,,,,,,,60,,0.8566064238548279,1.8489782810211182,,,,,,,,,,,,,,,,,,,,,,,,,,,,,
,,,,,,,,,,,,,,,,,,,,,,,61,,0.888790488243103,1.636108636856079,,,,,,,,,,,,,,,,,,,,,,,,,,,,,
,,,,,,,,,,,,,,,,,,,,,,,62,,0.8881597518920898,1.6315823793411255,,,,,,,,,,,,,,,,,,,,,,,,,,,,,
,,,,,,,,,,,,,,,,,,,,,,,63,,0.8479436635971069,2.1271164417266846,,,,,,,,,,,,,,,,,,,,,,,,,,,,,
,,,,,,,,,,,,,,,,,,,,,,,64,,0.9035223722457886,1.990910530090332,,,,,,,,,,,,,,,,,,,,,,,,,,,,,
,,,,,,,,,,,,,,,,,,,,,,,65,,0.8720893859863281,1.6865729093551636,,,,,,,,,,,,,,,,,,,,,,,,,,,,,
,,,,,,,,,,,,,,,,,,,,,,,66,,0.8433783054351807,2.0700995922088623,,,,,,,,,,,,,,,,,,,,,,,,,,,,,
,,,,,,,,,,,,,,,,,,,,,,,67,,0.8406772613525391,1.9691758155822754,,,,,,,,,,,,,,,,,,,,,,,,,,,,,
,,,,,,,,,,,,,,,,,,,,,,,68,,0.8811379671096802,1.9308228492736816,,,,,,,,,,,,,,,,,,,,,,,,,,,,,
,,,,,,,,,,,,,,,,,,,,,,,69,,0.8804442882537842,1.892755389213562,,,,,,,,,,,,,,,,,,,,,,,,,,,,,
,,,,,,,,,,,,,,,,,,,,,,,70,,0.8552389144897461,2.050326108932495,,,,,,,,,,,,,,,,,,,,,,,,,,,,,
,,,,,,,,,,,,,,,,,,,,,,,71,,0.8438197374343872,2.0496745109558105,,,,,,,,,,,,,,,,,,,,,,,,,,,,,
,,,,,,,,,,,,,,,,,,,,,,,72,,0.8579984903335571,1.768534541130066,,,,,,,,,,,,,,,,,,,,,,,,,,,,,
,,,,,,,,,,,,,,,,,,,,,,,73,,0.8903470039367676,1.6136761903762817,,,,,,,,,,,,,,,,,,,,,,,,,,,,,
,,,,,,,,,,,,,,,,,,,,,,,74,,0.8701844811439514,1.6910911798477173,,,,,,,,,,,,,,,,,,,,,,,,,,,,,
,,,,,,,,,,,,,,,,,,,,,,,75,,0.860440731048584,1.7453938722610474,,,,,,,,,,,,,,,,,,,,,,,,,,,,,
,,,,,,,,,,,,,,,,,,,,,,,76,,0.8681347370147705,1.9296311140060425,,,,,,,,,,,,,,,,,,,,,,,,,,,,,
,,,,,,,,,,,,,,,,,,,,,,,77,,0.8191714882850647,2.074225902557373,,,,,,,,,,,,,,,,,,,,,,,,,,,,,
,,,,,,,,,,,,,,,,,,,,,,,78,,0.8965551853179932,1.8131359815597534,,,,,,,,,,,,,,,,,,,,,,,,,,,,,
,,,,,,,,,,,,,,,,,,,,,,,79,,0.851462721824646,1.6744260787963867,,,,,,,,,,,,,,,,,,,,,,,,,,,,,
,,,,,,,,,,,,,,,,,,,,,,,80,,0.8845655918121338,1.44475519657135,,,,,,,,,,,,,,,,,,,,,,,,,,,,,
,,,,,,,,,,,,,,,,,,,,,,,81,,0.8699824810028076,1.8832664489746094,,,,,,,,,,,,,,,,,,,,,,,,,,,,,
,,,,,,,,,,,,,,,,,,,,,,,82,,0.8741496801376343,1.7591640949249268,,,,,,,,,,,,,,,,,,,,,,,,,,,,,
,,,,,,,,,,,,,,,,,,,,,,,83,,0.8226499557495117,1.9555034637451172,,,,,,,,,,,,,,,,,,,,,,,,,,,,,
,,,,,,,,,,,,,,,,,,,,,,,84,,0.8544154167175293,1.9852123260498047,,,,,,,,,,,,,,,,,,,,,,,,,,,,,
,,,,,,,,,,,,,,,,,,,,,,,85,,0.8472452759742737,1.819306492805481,,,,,,,,,,,,,,,,,,,,,,,,,,,,,
,,,,,,,,,,,,,,,,,,,,,,,86,,0.8757052421569824,1.7418057918548584,,,,,,,,,,,,,,,,,,,,,,,,,,,,,
,,,,,,,,,,,,,,,,,,,,,,,87,,0.826786994934082,1.4711167812347412,,,,,,,,,,,,,,,,,,,,,,,,,,,,,
,,,,,,,,,,,,,,,,,,,,,,,88,,0.9205877780914307,1.4057177305221558,,,,,,,,,,,,,,,,,,,,,,,,,,,,,
,,,,,,,,,,,,,,,,,,,,,,,89,,0.8440622091293335,2.0060317516326904,,,,,,,,,,,,,,,,,,,,,,,,,,,,,
,,,,,,,,,,,,,,,,,,,,,,,90,,0.8699206113815308,1.9056446552276611,,,,,,,,,,,,,,,,,,,,,,,,,,,,,
,,,,,,,,,,,,,,,,,,,,,,,91,,0.8749035596847534,1.8194690942764282,,,,,,,,,,,,,,,,,,,,,,,,,,,,,
,,,,,,,,,,,,,,,,,,,,,,,92,,0.8015395402908325,1.7141669988632202,,,,,,,,,,,,,,,,,,,,,,,,,,,,,
,,,,,,,,,,,,,,,,,,,,,,,93,,0.823628306388855,1.32015061378479,,,,,,,,,,,,,,,,,,,,,,,,,,,,,
,,,,,,,,,,,,,,,,,,,,,,,94,,0.9339263439178467,1.1306782960891724,,,,,,,,,,,,,,,,,,,,,,,,,,,,,
,,,,,,,,,,,,,,,,,,,,,,,95,,0.8434041738510132,2.000417709350586,,,,,,,,,,,,,,,,,,,,,,,,,,,,,
,,,,,,,,,,,,,,,,,,,,,,,96,,0.8102502822875977,1.6748937368392944,,,,,,,,,,,,,,,,,,,,,,,,,,,,,
,,,,,,,,,,,,,,,,,,,,,,,97,,0.8614892959594727,1.7148367166519165,,,,,,,,,,,,,,,,,,,,,,,,,,,,,
,,,,,,,,,,,,,,,,,,,,,,,98,,0.830191969871521,1.7059048414230347,,,,,,,,,,,,,,,,,,,,,,,,,,,,,
,,,,,,,,,,,,,,,,,,,,,,,99,,0.7911049127578735,1.6548950672149658,,,,,,,,,,,,,,,,,,,,,,,,,,,,,
,,,,,,,,,,,,,,,,,,,,,,,100,,0.8585621118545532,0.9703262448310852,,,,,,,,,,,,,,,,,,,,,,,,,,,,,
,,,,,,,,,,,,,,,,,,,,,,,101,,0.8014235496520996,2.2289681434631348,,,,,,,,,,,,,,,,,,,,,,,,,,,,,
,,,,,,,,,,,,,,,,,,,,,,,102,,0.9215691089630127,1.3894368410110474,,,,,,,,,,,,,,,,,,,,,,,,,,,,,
,,,,,,,,,,,,,,,,,,,,,,,103,,0.8044754862785339,2.028820514678955,,,,,,,,,,,,,,,,,,,,,,,,,,,,,
,,,,,,,,,,,,,,,,,,,,,,,104,,0.8126270174980164,1.730330228805542,,,,,,,,,,,,,,,,,,,,,,,,,,,,,
,,,,,,,,,,,,,,,,,,,,,,,105,,0.8228336572647095,1.8360077142715454,,,,,,,,,,,,,,,,,,,,,,,,,,,,,
,,,,,,,,,,,,,,,,,,,,,,,106,,0.8266856074333191,1.8826677799224854,,,,,,,,,,,,,,,,,,,,,,,,,,,,,
,,,,,,,,,,,,,,,,,,,,,,,107,,0.8071378469467163,1.8780101537704468,,,,,,,,,,,,,,,,,,,,,,,,,,,,,
,,,,,,,,,,,,,,,,,,,,,,,108,,0.8057637214660645,1.766965627670288,,,,,,,,,,,,,,,,,,,,,,,,,,,,,
,,,,,,,,,,,,,,,,,,,,,,,109,,0.8574374914169312,1.936590552330017,,,,,,,,,,,,,,,,,,,,,,,,,,,,,
,,,,,,,,,,,,,,,,,,,,,,,110,,0.8403134346008301,1.930172324180603,,,,,,,,,,,,,,,,,,,,,,,,,,,,,
,,,,,,,,,,,,,,,,,,,,,,,111,,0.9017975926399231,1.966871976852417,,,,,,,,,,,,,,,,,,,,,,,,,,,,,
,,,,,,,,,,,,,,,,,,,,,,,112,,0.837730348110199,1.8506914377212524,,,,,,,,,,,,,,,,,,,,,,,,,,,,,
,,,,,,,,,,,,,,,,,,,,,,,113,,0.860892117023468,1.8357114791870117,,,,,,,,,,,,,,,,,,,,,,,,,,,,,
,,,,,,,,,,,,,,,,,,,,,,,114,,0.8567922711372375,1.6808079481124878,,,,,,,,,,,,,,,,,,,,,,,,,,,,,
,,,,,,,,,,,,,,,,,,,,,,,115,,0.8667358160018921,1.418772578239441,,,,,,,,,,,,,,,,,,,,,,,,,,,,,
,,,,,,,,,,,,,,,,,,,,,,,116,,0.8608438968658447,1.750403642654419,,,,,,,,,,,,,,,,,,,,,,,,,,,,,
,,,,,,,,,,,,,,,,,,,,,,,117,,0.8569868206977844,1.7587969303131104,,,,,,,,,,,,,,,,,,,,,,,,,,,,,
,,,,,,,,,,,,,,,,,,,,,,,118,,0.8257389068603516,1.8085596561431885,,,,,,,,,,,,,,,,,,,,,,,,,,,,,
,,,,,,,,,,,,,,,,,,,,,,,119,,0.8549855947494507,1.6476250886917114,,,,,,,,,,,,,,,,,,,,,,,,,,,,,
,,,,,,,,,,,,,,,,,,,,,,,120,,0.8630009889602661,0.9657410383224487,,,,,,,,,,,,,,,,,,,,,,,,,,,,,
,,,,,,,,,,,,,,,,,,,,,,,121,,0.8479630947113037,2.2769761085510254,,,,,,,,,,,,,,,,,,,,,,,,,,,,,
,,,,,,,,,,,,,,,,,,,,,,,122,,0.9183547496795654,1.6073671579360962,,,,,,,,,,,,,,,,,,,,,,,,,,,,,
,,,,,,,,,,,,,,,,,,,,,,,123,,0.8887721300125122,1.7120410203933716,,,,,,,,,,,,,,,,,,,,,,,,,,,,,
,,,,,,,,,,,,,,,,,,,,,,,124,,0.8886082768440247,1.8972382545471191,,,,,,,,,,,,,,,,,,,,,,,,,,,,,
,,,,,,,,,,,,,,,,,,,,,,,125,,0.8937907814979553,1.6667752265930176,,,,,,,,,,,,,,,,,,,,,,,,,,,,,
,,,,,,,,,,,,,,,,,,,,,,,126,,0.9344972372055054,1.7539682388305664,,,,,,,,,,,,,,,,,,,,,,,,,,,,,
,,,,,,,,,,,,,,,,,,,,,,,127,,0.9365568161010742,1.7611113786697388,,,,,,,,,,,,,,,,,,,,,,,,,,,,,
,,,,,,,,,,,,,,,,,,,,,,,128,,0.9263873100280762,1.8247181177139282,,,,,,,,,,,,,,,,,,,,,,,,,,,,,
,,,,,,,,,,,,,,,,,,,,,,,129,,1.0012331008911133,1.7258731126785278,,,,,,,,,,,,,,,,,,,,,,,,,,,,,
,,,,,,,,,,,,,,,,,,,,,,,130,,0.9616541862487793,1.7186111211776733,,,,,,,,,,,,,,,,,,,,,,,,,,,,,
,,,,,,,,,,,,,,,,,,,,,,,131,,1.0036101341247559,1.2746663093566895,,,,,,,,,,,,,,,,,,,,,,,,,,,,,
,,,,,,,,,,,,,,,,,,,,,,,132,,1.0204190015792847,1.4037325382232666,,,,,,,,,,,,,,,,,,,,,,,,,,,,,
,,,,,,,,,,,,,,,,,,,,,,,133,,1.0278072357177734,1.710257887840271,,,,,,,,,,,,,,,,,,,,,,,,,,,,,
,,,,,,,,,,,,,,,,,,,,,,,134,,1.0314223766326904,1.4593238830566406,,,,,,,,,,,,,,,,,,,,,,,,,,,,,
,,,,,,,,,,,,,,,,,,,,,,,135,,1.011071801185608,1.2646052837371826,,,,,,,,,,,,,,,,,,,,,,,,,,,,,
,,,,,,,,,,,,,,,,,,,,,,,136,,1.10508131980896,1.1550383567810059,,,,,,,,,,,,,,,,,,,,,,,,,,,,,
,,,,,,,,,,,,,,,,,,,,,,,137,,1.0826624631881714,1.3181118965148926,,,,,,,,,,,,,,,,,,,,,,,,,,,,,
,,,,,,,,,,,,,,,,,,,,,,,138,,1.0439975261688232,1.3559590578079224,,,,,,,,,,,,,,,,,,,,,,,,,,,,,
,,,,,,,,,,,,,,,,,,,,,,,139,,1.0843513011932373,1.2961444854736328,,,,,,,,,,,,,,,,,,,,,,,,,,,,,
,,,,,,,,,,,,,,,,,,,,,,,140,,1.0577932596206665,1.2050739526748657,,,,,,,,,,,,,,,,,,,,,,,,,,,,,
,,,,,,,,,,,,,,,,,,,,,,,141,,1.123412847518921,0.7599694132804871,,,,,,,,,,,,,,,,,,,,,,,,,,,,,
,,,,,,,,,,,,,,,,,,,,,,,142,,1.1478853225708008,1.4890573024749756,,,,,,,,,,,,,,,,,,,,,,,,,,,,,
,,,,,,,,,,,,,,,,,,,,,,,143,,1.1549181938171387,0.9105099439620972,,,,,,,,,,,,,,,,,,,,,,,,,,,,,
,,,,,,,,,,,,,,,,,,,,,,,144,,1.1340510845184326,1.3874918222427368,,,,,,,,,,,,,,,,,,,,,,,,,,,,,
,,,,,,,,,,,,,,,,,,,,,,,145,,1.1646724939346313,1.1776468753814697,,,,,,,,,,,,,,,,,,,,,,,,,,,,,
,,,,,,,,,,,,,,,,,,,,,,,146,,1.129441261291504,0.836481511592865,,,,,,,,,,,,,,,,,,,,,,,,,,,,,
,,,,,,,,,,,,,,,,,,,,,,,147,,1.1522085666656494,1.1814732551574707,,,,,,,,,,,,,,,,,,,,,,,,,,,,,
,,,,,,,,,,,,,,,,,,,,,,,148,,1.1929733753204346,1.005225419998169,,,,,,,,,,,,,,,,,,,,,,,,,,,,,
,,,,,,,,,,,,,,,,,,,,,,,149,,1.2051892280578613,1.1208584308624268,,,,,,,,,,,,,,,,,,,,,,,,,,,,,
,,,,,,,,,,,,,,,,,,,,,,,150,,1.2939469814300537,0.5274785161018372,,,,,,,,,,,,,,,,,,,,,,,,,,,,,
,,,,,,,,,,,,,,,,,,,,,,,151,,1.2616033554077148,0.7932465076446533,,,,,,,,,,,,,,,,,,,,,,,,,,,,,
,,,,,,,,,,,,,,,,,,,,,,,152,,1.2743849754333496,0.910481870174408,,,,,,,,,,,,,,,,,,,,,,,,,,,,,
,,,,,,,,,,,,,,,,,,,,,,,153,,1.319352626800537,0.8657471537590027,,,,,,,,,,,,,,,,,,,,,,,,,,,,,
,,,,,,,,,,,,,,,,,,,,,,,154,,1.3032692670822144,0.9032213687896729,,,,,,,,,,,,,,,,,,,,,,,,,,,,,
,,,,,,,,,,,,,,,,,,,,,,,155,,1.2559055089950562,0.8695576190948486,,,,,,,,,,,,,,,,,,,,,,,,,,,,,
,,,,,,,,,,,,,,,,,,,,,,,156,,1.2746832370758057,0.8190463185310364,,,,,,,,,,,,,,,,,,,,,,,,,,,,,
,,,,,,,,,,,,,,,,,,,,,,,157,,1.2508375644683838,0.8889582753181458,,,,,,,,,,,,,,,,,,,,,,,,,,,,,
,,,,,,,,,,,,,,,,,,,,,,,158,,1.2500364780426025,0.8640891313552856,,,,,,,,,,,,,,,,,,,,,,,,,,,,,
,,,,,,,,,,,,,,,,,,,,,,,159,,1.280963659286499,0.8446517586708069,,,,,,,,,,,,,,,,,,,,,,,,,,,,,
,,,,,,,,,,,,,,,,,,,,,,,160,,1.3153425455093384,0.8097649216651917,,,,,,,,,,,,,,,,,,,,,,,,,,,,,
,,,,,,,,,,,,,,,,,,,,,,,161,,1.2862359285354614,0.8290418982505798,,,,,,,,,,,,,,,,,,,,,,,,,,,,,
,,,,,,,,,,,,,,,,,,,,,,,162,,1.349766731262207,0.6737554669380188,,,,,,,,,,,,,,,,,,,,,,,,,,,,,
,,,,,,,,,,,,,,,,,,,,,,,163,,1.3268017768859863,0.8144802451133728,,,,,,,,,,,,,,,,,,,,,,,,,,,,,
,,,,,,,,,,,,,,,,,,,,,,,164,,1.3030509948730469,0.8182327151298523,,,,,,,,,,,,,,,,,,,,,,,,,,,,,
,,,,,,,,,,,,,,,,,,,,,,,165,,1.3368539810180664,0.7381903529167175,,,,,,,,,,,,,,,,,,,,,,,,,,,,,
,,,,,,,,,,,,,,,,,,,,,,,166,,1.3376007080078125,0.6771350502967834,,,,,,,,,,,,,,,,,,,,,,,,,,,,,
,,,,,,,,,,,,,,,,,,,,,,,167,,1.3319463729858398,0.8280260562896729,,,,,,,,,,,,,,,,,,,,,,,,,,,,,
,,,,,,,,,,,,,,,,,,,,,,,168,,1.340274691581726,0.6920176148414612,,,,,,,,,,,,,,,,,,,,,,,,,,,,,
,,,,,,,,,,,,,,,,,,,,,,,169,,1.3247328996658325,0.7940049171447754,,,,,,,,,,,,,,,,,,,,,,,,,,,,,
,,,,,,,,,,,,,,,,,,,,,,,170,,1.364565134048462,0.7673342227935791,,,,,,,,,,,,,,,,,,,,,,,,,,,,,
,,,,,,,,,,,,,,,,,,,,,,,171,,1.3624897003173828,0.6994832158088684,,,,,,,,,,,,,,,,,,,,,,,,,,,,,
,,,,,,,,,,,,,,,,,,,,,,,172,,1.3389313220977783,0.796071469783783,,,,,,,,,,,,,,,,,,,,,,,,,,,,,
,,,,,,,,,,,,,,,,,,,,,,,173,,1.3592013120651245,0.670448899269104,,,,,,,,,,,,,,,,,,,,,,,,,,,,,
,,,,,,,,,,,,,,,,,,,,,,,174,,1.3354756832122803,0.7017807364463806,,,,,,,,,,,,,,,,,,,,,,,,,,,,,
,,,,,,,,,,,,,,,,,,,,,,,175,,1.3212867975234985,0.781967282295227,,,,,,,,,,,,,,,,,,,,,,,,,,,,,
,,,,,,,,,,,,,,,,,,,,,,,176,,1.355170726776123,0.775398850440979,,,,,,,,,,,,,,,,,,,,,,,,,,,,,
,,,,,,,,,,,,,,,,,,,,,,,177,,1.3823515176773071,0.803792417049408,,,,,,,,,,,,,,,,,,,,,,,,,,,,,
,,,,,,,,,,,,,,,,,,,,,,,178,,1.3462448120117188,0.793980062007904,,,,,,,,,,,,,,,,,,,,,,,,,,,,,
,,,,,,,,,,,,,,,,,,,,,,,179,,1.3737274408340454,0.6584967374801636,,,,,,,,,,,,,,,,,,,,,,,,,,,,,
,,,,,,,,,,,,,,,,,,,,,,,180,,1.357954740524292,0.7156266570091248,,,,,,,,,,,,,,,,,,,,,,,,,,,,,
,,,,,,,,,,,,,,,,,,,,,,,181,,1.3547290563583374,0.7034481763839722,,,,,,,,,,,,,,,,,,,,,,,,,,,,,
,,,,,,,,,,,,,,,,,,,,,,,182,,1.3613008260726929,0.7454305291175842,,,,,,,,,,,,,,,,,,,,,,,,,,,,,
,,,,,,,,,,,,,,,,,,,,,,,183,,1.3628325462341309,0.7160993814468384,,,,,,,,,,,,,,,,,,,,,,,,,,,,,
,,,,,,,,,,,,,,,,,,,,,,,184,,1.3529763221740723,0.7193539142608643,,,,,,,,,,,,,,,,,,,,,,,,,,,,,
,,,,,,,,,,,,,,,,,,,,,,,185,,1.355466604232788,0.7501388788223267,,,,,,,,,,,,,,,,,,,,,,,,,,,,,
,,,,,,,,,,,,,,,,,,,,,,,186,,1.3494372367858887,0.686259388923645,,,,,,,,,,,,,,,,,,,,,,,,,,,,,
,,,,,,,,,,,,,,,,,,,,,,,187,,1.3523273468017578,0.7895368933677673,,,,,,,,,,,,,,,,,,,,,,,,,,,,,
,,,,,,,,,,,,,,,,,,,,,,,188,,1.358651876449585,0.7388403415679932,,,,,,,,,,,,,,,,,,,,,,,,,,,,,
,,,,,,,,,,,,,,,,,,,,,,,189,,1.341512680053711,0.7315548658370972,,,,,,,,,,,,,,,,,,,,,,,,,,,,,
,,,,,,,,,,,,,,,,,,,,,,,190,,1.347013235092163,0.7342618107795715,,,,,,,,,,,,,,,,,,,,,,,,,,,,,
,,,,,,,,,,,,,,,,,,,,,,,191,,1.349716067314148,0.7396206855773926,,,,,,,,,,,,,,,,,,,,,,,,,,,,,
,,,,,,,,,,,,,,,,,,,,,,,192,,1.3419454097747803,0.7015491127967834,,,,,,,,,,,,,,,,,,,,,,,,,,,,,
,,,,,,,,,,,,,,,,,,,,,,,193,,1.3661229610443115,0.6932732462882996,,,,,,,,,,,,,,,,,,,,,,,,,,,,,
,,,,,,,,,,,,,,,,,,,,,,,194,,1.3313183784484863,0.8662026524543762,,,,,,,,,,,,,,,,,,,,,,,,,,,,,
,,,,,,,,,,,,,,,,,,,,,,,195,,1.342143177986145,0.6662823557853699,,,,,,,,,,,,,,,,,,,,,,,,,,,,,
,,,,,,,,,,,,,,,,,,,,,,,196,,1.3128951787948608,0.7281700968742371,,,,,,,,,,,,,,,,,,,,,,,,,,,,,
,,,,,,,,,,,,,,,,,,,,,,,197,,1.3260786533355713,0.7588249444961548,,,,,,,,,,,,,,,,,,,,,,,,,,,,,
,,,,,,,,,,,,,,,,,,,,,,,198,,1.35054612159729,0.880739152431488,,,,,,,,,,,,,,,,,,,,,,,,,,,,,
,,,,,,,,,,,,,,,,,,,,,,,199,,1.3457369804382324,0.9649552702903748,,,,,,,,,,,,,,,,,,,,,,,,,,,,,
,,,,,,,,,,,,,,,,,,,,,,,200,,1.3570127487182617,0.65937739610672,,,,,,,,,,,,,,,,,,,,,,,,,,,,,
,,,,,,,,,,,,,,,,,,,,,,,201,,1.3355019092559814,0.75068199634552,,,,,,,,,,,,,,,,,,,,,,,,,,,,,
,,,,,,,,,,,,,,,,,,,,,,,202,,1.3398939371109009,0.7086209058761597,,,,,,,,,,,,,,,,,,,,,,,,,,,,,
,,,,,,,,,,,,,,,,,,,,,,,203,,1.3327051401138306,0.7894712090492249,,,,,,,,,,,,,,,,,,,,,,,,,,,,,
,,,,,,,,,,,,,,,,,,,,,,,204,,1.3312430381774902,0.7938725352287292,,,,,,,,,,,,,,,,,,,,,,,,,,,,,
,,,,,,,,,,,,,,,,,,,,,,,205,,1.3267066478729248,0.7071723937988281,,,,,,,,,,,,,,,,,,,,,,,,,,,,,
,,,,,,,,,,,,,,,,,,,,,,,206,,1.3237065076828003,0.7577861547470093,,,,,,,,,,,,,,,,,,,,,,,,,,,,,
,,,,,,,,,,,,,,,,,,,,,,,207,,1.3320705890655518,0.7669210433959961,,,,,,,,,,,,,,,,,,,,,,,,,,,,,
,,,,,,,,,,,,,,,,,,,,,,,208,,1.3169834613800049,0.7446900010108948,,,,,,,,,,,,,,,,,,,,,,,,,,,,,
,,,,,,,,,,,,,,,,,,,,,,,209,,1.3323216438293457,0.7485644817352295,,,,,,,,,,,,,,,,,,,,,,,,,,,,,
,,,,,,,,,,,,,,,,,,,,,,,210,,1.3221652507781982,0.7821848392486572,,,,,,,,,,,,,,,,,,,,,,,,,,,,,
,,,,,,,,,,,,,,,,,,,,,,,211,,1.336592435836792,0.7853889465332031,,,,,,,,,,,,,,,,,,,,,,,,,,,,,
,,,,,,,,,,,,,,,,,,,,,,,212,,1.3296034336090088,0.7313652634620667,,,,,,,,,,,,,,,,,,,,,,,,,,,,,
,,,,,,,,,,,,,,,,,,,,,,,213,,1.3405790328979492,0.6489993929862976,,,,,,,,,,,,,,,,,,,,,,,,,,,,,
,,,,,,,,,,,,,,,,,,,,,,,214,,1.3393561840057373,0.7462350130081177,,,,,,,,,,,,,,,,,,,,,,,,,,,,,
,,,,,,,,,,,,,,,,,,,,,,,215,,1.3365087509155273,0.7282714247703552,,,,,,,,,,,,,,,,,,,,,,,,,,,,,
,,,,,,,,,,,,,,,,,,,,,,,216,,1.3299593925476074,0.6981643438339233,,,,,,,,,,,,,,,,,,,,,,,,,,,,,
,,,,,,,,,,,,,,,,,,,,,,,217,,1.339552402496338,0.6950054168701172,,,,,,,,,,,,,,,,,,,,,,,,,,,,,
,,,,,,,,,,,,,,,,,,,,,,,218,,1.342221736907959,0.7526934146881104,,,,,,,,,,,,,,,,,,,,,,,,,,,,,
,,,,,,,,,,,,,,,,,,,,,,,219,,1.3291294574737549,0.7704600691795349,,,,,,,,,,,,,,,,,,,,,,,,,,,,,
,,,,,,,,,,,,,,,,,,,,,,,220,,1.327211618423462,0.7527287602424622,,,,,,,,,,,,,,,,,,,,,,,,,,,,,
,,,,,,,,,,,,,,,,,,,,,,,221,,1.3373005390167236,0.7645775675773621,,,,,,,,,,,,,,,,,,,,,,,,,,,,,
,,,,,,,,,,,,,,,,,,,,,,,222,,1.325150966644287,0.7077364325523376,,,,,,,,,,,,,,,,,,,,,,,,,,,,,
,,,,,,,,,,,,,,,,,,,,,,,223,,1.3482046127319336,0.7167340517044067,,,,,,,,,,,,,,,,,,,,,,,,,,,,,
,,,,,,,,,,,,,,,,,,,,,,,224,,1.338531494140625,0.7855829000473022,,,,,,,,,,,,,,,,,,,,,,,,,,,,,
,,,,,,,,,,,,,,,,,,,,,,,225,,1.3281970024108887,0.6771032810211182,,,,,,,,,,,,,,,,,,,,,,,,,,,,,
,,,,,,,,,,,,,,,,,,,,,,,226,,1.3249331712722778,0.7541206479072571,,,,,,,,,,,,,,,,,,,,,,,,,,,,,
,,,,,,,,,,,,,,,,,,,,,,,227,,1.3547306060791016,0.7627031803131104,,,,,,,,,,,,,,,,,,,,,,,,,,,,,
,,,,,,,,,,,,,,,,,,,,,,,228,,1.343834400177002,0.6487458944320679,,,,,,,,,,,,,,,,,,,,,,,,,,,,,
,,,,,,,,,,,,,,,,,,,,,,,229,,1.33485746383667,0.767691969871521,,,,,,,,,,,,,,,,,,,,,,,,,,,,,
,,,,,,,,,,,,,,,,,,,,,,,230,,1.3427972793579102,0.7225421071052551,,,,,,,,,,,,,,,,,,,,,,,,,,,,,
,,,,,,,,,,,,,,,,,,,,,,,231,,1.317077875137329,0.7102015018463135,,,,,,,,,,,,,,,,,,,,,,,,,,,,,
,,,,,,,,,,,,,,,,,,,,,,,232,,1.3145897388458252,0.7160512208938599,,,,,,,,,,,,,,,,,,,,,,,,,,,,,
,,,,,,,,,,,,,,,,,,,,,,,233,,1.3645708560943604,0.8006637096405029,,,,,,,,,,,,,,,,,,,,,,,,,,,,,
,,,,,,,,,,,,,,,,,,,,,,,234,,1.325730562210083,0.9415005445480347,,,,,,,,,,,,,,,,,,,,,,,,,,,,,
,,,,,,,,,,,,,,,,,,,,,,,235,,1.3309085369110107,0.6115118861198425,,,,,,,,,,,,,,,,,,,,,,,,,,,,,
,,,,,,,,,,,,,,,,,,,,,,,236,,1.3165806531906128,0.6787238121032715,,,,,,,,,,,,,,,,,,,,,,,,,,,,,
,,,,,,,,,,,,,,,,,,,,,,,237,,1.3224194049835205,0.7164925932884216,,,,,,,,,,,,,,,,,,,,,,,,,,,,,
,,,,,,,,,,,,,,,,,,,,,,,238,,1.3477582931518555,0.7697182893753052,,,,,,,,,,,,,,,,,,,,,,,,,,,,,
,,,,,,,,,,,,,,,,,,,,,,,239,,1.3683857917785645,0.7071290612220764,,,,,,,,,,,,,,,,,,,,,,,,,,,,,
,,,,,,,,,,,,,,,,,,,,,,,240,,1.3080469369888306,0.9642053842544556,,,,,,,,,,,,,,,,,,,,,,,,,,,,,
,,,,,,,,,,,,,,,,,,,,,,,241,,1.3655014038085938,0.6476468443870544,,,,,,,,,,,,,,,,,,,,,,,,,,,,,
,,,,,,,,,,,,,,,,,,,,,,,242,,1.273140549659729,0.7258562445640564,,,,,,,,,,,,,,,,,,,,,,,,,,,,,
,,,,,,,,,,,,,,,,,,,,,,,243,,1.236978530883789,0.7566482424736023,,,,,,,,,,,,,,,,,,,,,,,,,,,,,
,,,,,,,,,,,,,,,,,,,,,,,244,,1.2401126623153687,0.7609590888023376,,,,,,,,,,,,,,,,,,,,,,,,,,,,,
,,,,,,,,,,,,,,,,,,,,,,,245,,1.2685673236846924,0.8038666248321533,,,,,,,,,,,,,,,,,,,,,,,,,,,,,
,,,,,,,,,,,,,,,,,,,,,,,246,,1.3451197147369385,0.8387999534606934,,,,,,,,,,,,,,,,,,,,,,,,,,,,,
,,,,,,,,,,,,,,,,,,,,,,,247,,1.3704755306243896,0.8542517423629761,,,,,,,,,,,,,,,,,,,,,,,,,,,,,
,,,,,,,,,,,,,,,,,,,,,,,248,,1.3366756439208984,0.8111182451248169,,,,,,,,,,,,,,,,,,,,,,,,,,,,,
,,,,,,,,,,,,,,,,,,,,,,,249,,1.3495564460754395,0.7319843173027039,,,,,,,,,,,,,,,,,,,,,,,,,,,,,
,,,,,,,,,,,,,,,,,,,,,,,250,,1.3637309074401855,0.7082968950271606,,,,,,,,,,,,,,,,,,,,,,,,,,,,,
,,,,,,,,,,,,,,,,,,,,,,,251,,1.3710370063781738,0.7144133448600769,,,,,,,,,,,,,,,,,,,,,,,,,,,,,
,,,,,,,,,,,,,,,,,,,,,,,252,,1.36781644821167,0.6886394619941711,,,,,,,,,,,,,,,,,,,,,,,,,,,,,
,,,,,,,,,,,,,,,,,,,,,,,253,,1.359277606010437,0.609135627746582,,,,,,,,,,,,,,,,,,,,,,,,,,,,,
,,,,,,,,,,,,,,,,,,,,,,,254,,1.3486754894256592,0.7518296837806702,,,,,,,,,,,,,,,,,,,,,,,,,,,,,
,,,,,,,,,,,,,,,,,,,,,,,255,,1.2973475456237793,0.6630755662918091,,,,,,,,,,,,,,,,,,,,,,,,,,,,,
,,,,,,,,,,,,,,,,,,,,,,,256,,1.3011444807052612,0.7573792934417725,,,,,,,,,,,,,,,,,,,,,,,,,,,,,
,,,,,,,,,,,,,,,,,,,,,,,257,,1.31935715675354,0.7244348526000977,,,,,,,,,,,,,,,,,,,,,,,,,,,,,
,,,,,,,,,,,,,,,,,,,,,,,258,,1.3573284149169922,0.8149159550666809,,,,,,,,,,,,,,,,,,,,,,,,,,,,,
,,,,,,,,,,,,,,,,,,,,,,,259,,1.355466365814209,0.7987812757492065,,,,,,,,,,,,,,,,,,,,,,,,,,,,,
,,,,,,,,,,,,,,,,,,,,,,,260,,1.352006435394287,0.750515878200531,,,,,,,,,,,,,,,,,,,,,,,,,,,,,
,,,,,,,,,,,,,,,,,,,,,,,261,,1.358426809310913,0.7025217413902283,,,,,,,,,,,,,,,,,,,,,,,,,,,,,
,,,,,,,,,,,,,,,,,,,,,,,262,,1.363363265991211,0.7437595725059509,,,,,,,,,,,,,,,,,,,,,,,,,,,,,
,,,,,,,,,,,,,,,,,,,,,,,263,,1.3620579242706299,0.7174134850502014,,,,,,,,,,,,,,,,,,,,,,,,,,,,,
,,,,,,,,,,,,,,,,,,,,,,,264,,1.3553636074066162,0.7490487098693848,,,,,,,,,,,,,,,,,,,,,,,,,,,,,
,,,,,,,,,,,,,,,,,,,,,,,265,,1.3533554077148438,0.7440537214279175,,,,,,,,,,,,,,,,,,,,,,,,,,,,,
,,,,,,,,,,,,,,,,,,,,,,,266,,1.3469228744506836,0.700940728187561,,,,,,,,,,,,,,,,,,,,,,,,,,,,,
,,,,,,,,,,,,,,,,,,,,,,,267,,1.3160924911499023,0.6833781599998474,,,,,,,,,,,,,,,,,,,,,,,,,,,,,
,,,,,,,,,,,,,,,,,,,,,,,268,,1.3899009227752686,0.799332320690155,,,,,,,,,,,,,,,,,,,,,,,,,,,,,
,,,,,,,,,,,,,,,,,,,,,,,269,,1.3548063039779663,0.7761458158493042,,,,,,,,,,,,,,,,,,,,,,,,,,,,,
,,,,,,,,,,,,,,,,,,,,,,,270,,1.3460280895233154,0.7680176496505737,,,,,,,,,,,,,,,,,,,,,,,,,,,,,
,,,,,,,,,,,,,,,,,,,,,,,271,,1.3473578691482544,0.7381365299224854,,,,,,,,,,,,,,,,,,,,,,,,,,,,,
,,,,,,,,,,,,,,,,,,,,,,,272,,1.3640236854553223,0.7204810976982117,,,,,,,,,,,,,,,,,,,,,,,,,,,,,
,,,,,,,,,,,,,,,,,,,,,,,273,,1.3642687797546387,0.714009165763855,,,,,,,,,,,,,,,,,,,,,,,,,,,,,
,,,,,,,,,,,,,,,,,,,,,,,274,,1.3603099584579468,0.707326352596283,,,,,,,,,,,,,,,,,,,,,,,,,,,,,
,,,,,,,,,,,,,,,,,,,,,,,275,,1.35025954246521,0.7147341370582581,,,,,,,,,,,,,,,,,,,,,,,,,,,,,
,,,,,,,,,,,,,,,,,,,,,,,276,,1.345688819885254,0.7137013077735901,,,,,,,,,,,,,,,,,,,,,,,,,,,,,
,,,,,,,,,,,,,,,,,,,,,,,277,,1.341515064239502,0.7543486952781677,,,,,,,,,,,,,,,,,,,,,,,,,,,,,
,,,,,,,,,,,,,,,,,,,,,,,278,,1.3580992221832275,0.7939415574073792,,,,,,,,,,,,,,,,,,,,,,,,,,,,,
,,,,,,,,,,,,,,,,,,,,,,,279,,1.343813180923462,0.7513608932495117,,,,,,,,,,,,,,,,,,,,,,,,,,,,,
,,,,,,,,,,,,,,,,,,,,,,,280,,1.3589985370635986,0.7233851552009583,,,,,,,,,,,,,,,,,,,,,,,,,,,,,
,,,,,,,,,,,,,,,,,,,,,,,281,,1.3525019884109497,0.6969026327133179,,,,,,,,,,,,,,,,,,,,,,,,,,,,,
,,,,,,,,,,,,,,,,,,,,,,,282,,1.3375754356384277,0.7312332987785339,,,,,,,,,,,,,,,,,,,,,,,,,,,,,
,,,,,,,,,,,,,,,,,,,,,,,283,,1.3470702171325684,0.7444853782653809,,,,,,,,,,,,,,,,,,,,,,,,,,,,,
,,,,,,,,,,,,,,,,,,,,,,,284,,1.3505516052246094,0.754172146320343,,,,,,,,,,,,,,,,,,,,,,,,,,,,,
,,,,,,,,,,,,,,,,,,,,,,,285,,1.3578435182571411,0.7094751596450806,,,,,,,,,,,,,,,,,,,,,,,,,,,,,
,,,,,,,,,,,,,,,,,,,,,,,286,,1.3550299406051636,0.7000904679298401,,,,,,,,,,,,,,,,,,,,,,,,,,,,,
,,,,,,,,,,,,,,,,,,,,,,,287,,1.3393938541412354,0.6984516382217407,,,,,,,,,,,,,,,,,,,,,,,,,,,,,
,,,,,,,,,,,,,,,,,,,,,,,288,,1.345170259475708,0.6926375031471252,,,,,,,,,,,,,,,,,,,,,,,,,,,,,
,,,,,,,,,,,,,,,,,,,,,,,289,,1.3596363067626953,0.6206812858581543,,,,,,,,,,,,,,,,,,,,,,,,,,,,,
,,,,,,,,,,,,,,,,,,,,,,,290,,1.3550441265106201,0.789833664894104,,,,,,,,,,,,,,,,,,,,,,,,,,,,,
,,,,,,,,,,,,,,,,,,,,,,,291,,1.348233938217163,0.7077527642250061,,,,,,,,,,,,,,,,,,,,,,,,,,,,,
,,,,,,,,,,,,,,,,,,,,,,,292,,1.3445708751678467,0.7829973101615906,,,,,,,,,,,,,,,,,,,,,,,,,,,,,
,,,,,,,,,,,,,,,,,,,,,,,293,,1.3501620292663574,0.7204719185829163,,,,,,,,,,,,,,,,,,,,,,,,,,,,,
,,,,,,,,,,,,,,,,,,,,,,,294,,1.3449745178222656,0.743629515171051,,,,,,,,,,,,,,,,,,,,,,,,,,,,,
,,,,,,,,,,,,,,,,,,,,,,,295,,1.339794635772705,0.7395797967910767,,,,,,,,,,,,,,,,,,,,,,,,,,,,,
,,,,,,,,,,,,,,,,,,,,,,,296,,1.347741961479187,0.7303023934364319,,,,,,,,,,,,,,,,,,,,,,,,,,,,,
,,,,,,,,,,,,,,,,,,,,,,,297,,1.3403875827789307,0.7335110306739807,,,,,,,,,,,,,,,,,,,,,,,,,,,,,
,,,,,,,,,,,,,,,,,,,,,,,298,,1.3418587446212769,0.7429391145706177,,,,,,,,,,,,,,,,,,,,,,,,,,,,,
,,,,,,,,,,,,,,,,,,,,,,,299,,1.3440629243850708,0.7456528544425964,,,,,,,,,,,,,,,,,,,,,,,,,,,,,
,,,,,,,,,,,,,,,,,,,,,,,300,,1.3333470821380615,0.7504904866218567,,,,,,,,,,,,,,,,,,,,,,,,,,,,,
,,,,,,,,,,,,,,,,,,,,,,,301,,1.3355135917663574,0.7441774606704712,,,,,,,,,,,,,,,,,,,,,,,,,,,,,
,,,,,,,,,,,,,,,,,,,,,,,302,,1.337376594543457,0.6721135377883911,,,,,,,,,,,,,,,,,,,,,,,,,,,,,
,,,,,,,,,,,,,,,,,,,,,,,303,,1.349109172821045,0.7592229843139648,,,,,,,,,,,,,,,,,,,,,,,,,,,,,
,,,,,,,,,,,,,,,,,,,,,,,304,,1.3351092338562012,0.7019230127334595,,,,,,,,,,,,,,,,,,,,,,,,,,,,,
,,,,,,,,,,,,,,,,,,,,,,,305,,1.36273992061615,0.6946837306022644,,,,,,,,,,,,,,,,,,,,,,,,,,,,,
,,,,,,,,,,,,,,,,,,,,,,,306,,1.3337070941925049,0.7992964386940002,,,,,,,,,,,,,,,,,,,,,,,,,,,,,
,,,,,,,,,,,,,,,,,,,,,,,307,,1.3533077239990234,0.6559336185455322,,,,,,,,,,,,,,,,,,,,,,,,,,,,,
,,,,,,,,,,,,,,,,,,,,,,,308,,1.3185877799987793,0.7407222390174866,,,,,,,,,,,,,,,,,,,,,,,,,,,,,
,,,,,,,,,,,,,,,,,,,,,,,309,,1.3449090719223022,0.749805212020874,,,,,,,,,,,,,,,,,,,,,,,,,,,,,
,,,,,,,,,,,,,,,,,,,,,,,310,,1.3499845266342163,0.7757309079170227,,,,,,,,,,,,,,,,,,,,,,,,,,,,,
,,,,,,,,,,,,,,,,,,,,,,,311,,1.333763837814331,0.7900488376617432,,,,,,,,,,,,,,,,,,,,,,,,,,,,,
,,,,,,,,,,,,,,,,,,,,,,,312,,1.3553727865219116,0.6534261703491211,,,,,,,,,,,,,,,,,,,,,,,,,,,,,
,,,,,,,,,,,,,,,,,,,,,,,313,,1.3263390064239502,0.6732189059257507,,,,,,,,,,,,,,,,,,,,,,,,,,,,,
,,,,,,,,,,,,,,,,,,,,,,,314,,1.3347105979919434,0.7742002606391907,,,,,,,,,,,,,,,,,,,,,,,,,,,,,
,,,,,,,,,,,,,,,,,,,,,,,315,,1.3558638095855713,0.7536009550094604,,,,,,,,,,,,,,,,,,,,,,,,,,,,,
,,,,,,,,,,,,,,,,,,,,,,,316,,1.3354734182357788,0.7803048491477966,,,,,,,,,,,,,,,,,,,,,,,,,,,,,
,,,,,,,,,,,,,,,,,,,,,,,317,,1.3350656032562256,0.6386628150939941,,,,,,,,,,,,,,,,,,,,,,,,,,,,,
,,,,,,,,,,,,,,,,,,,,,,,318,,1.3221505880355835,0.718148946762085,,,,,,,,,,,,,,,,,,,,,,,,,,,,,
,,,,,,,,,,,,,,,,,,,,,,,319,,1.3283151388168335,0.7631667852401733,,,,,,,,,,,,,,,,,,,,,,,,,,,,,
,,,,,,,,,,,,,,,,,,,,,,,320,,1.3735575675964355,0.8106641173362732,,,,,,,,,,,,,,,,,,,,,,,,,,,,,
,,,,,,,,,,,,,,,,,,,,,,,321,,1.3457422256469727,0.802394688129425,,,,,,,,,,,,,,,,,,,,,,,,,,,,,
,,,,,,,,,,,,,,,,,,,,,,,322,,1.3598871231079102,0.6503561735153198,,,,,,,,,,,,,,,,,,,,,,,,,,,,,
,,,,,,,,,,,,,,,,,,,,,,,323,,1.3362460136413574,0.7279977798461914,,,,,,,,,,,,,,,,,,,,,,,,,,,,,
,,,,,,,,,,,,,,,,,,,,,,,324,,1.3521790504455566,0.7510307431221008,,,,,,,,,,,,,,,,,,,,,,,,,,,,,
,,,,,,,,,,,,,,,,,,,,,,,325,,1.352831482887268,0.7641271948814392,,,,,,,,,,,,,,,,,,,,,,,,,,,,,
,,,,,,,,,,,,,,,,,,,,,,,326,,1.350216031074524,0.768795907497406,,,,,,,,,,,,,,,,,,,,,,,,,,,,,
,,,,,,,,,,,,,,,,,,,,,,,327,,1.3369746208190918,0.6893311142921448,,,,,,,,,,,,,,,,,,,,,,,,,,,,,
,,,,,,,,,,,,,,,,,,,,,,,328,,1.3357622623443604,0.6897812485694885,,,,,,,,,,,,,,,,,,,,,,,,,,,,,
,,,,,,,,,,,,,,,,,,,,,,,329,,1.3494428396224976,0.7985807657241821,,,,,,,,,,,,,,,,,,,,,,,,,,,,,
,,,,,,,,,,,,,,,,,,,,,,,330,,1.3370921611785889,0.7508248686790466,,,,,,,,,,,,,,,,,,,,,,,,,,,,,
,,,,,,,,,,,,,,,,,,,,,,,331,,1.3399828672409058,0.7426577210426331,,,,,,,,,,,,,,,,,,,,,,,,,,,,,
,,,,,,,,,,,,,,,,,,,,,,,332,,1.34031081199646,0.7562771439552307,,,,,,,,,,,,,,,,,,,,,,,,,,,,,
,,,,,,,,,,,,,,,,,,,,,,,333,,1.3474371433258057,0.7099665999412537,,,,,,,,,,,,,,,,,,,,,,,,,,,,,
,,,,,,,,,,,,,,,,,,,,,,,334,,1.349082589149475,0.7204238772392273,,,,,,,,,,,,,,,,,,,,,,,,,,,,,
,,,,,,,,,,,,,,,,,,,,,,,335,,1.3383688926696777,0.7683582305908203,,,,,,,,,,,,,,,,,,,,,,,,,,,,,
,,,,,,,,,,,,,,,,,,,,,,,336,,1.320446491241455,0.6384327411651611,,,,,,,,,,,,,,,,,,,,,,,,,,,,,
,,,,,,,,,,,,,,,,,,,,,,,337,,1.294121503829956,0.7421103715896606,,,,,,,,,,,,,,,,,,,,,,,,,,,,,
,,,,,,,,,,,,,,,,,,,,,,,338,,1.338975429534912,0.785883367061615,,,,,,,,,,,,,,,,,,,,,,,,,,,,,
,,,,,,,,,,,,,,,,,,,,,,,339,,1.3864352703094482,0.8081624507904053,,,,,,,,,,,,,,,,,,,,,,,,,,,,,
,,,,,,,,,,,,,,,,,,,,,,,340,,1.3352525234222412,0.8773005604743958,,,,,,,,,,,,,,,,,,,,,,,,,,,,,
,,,,,,,,,,,,,,,,,,,,,,,341,,1.3641302585601807,0.6206743717193604,,,,,,,,,,,,,,,,,,,,,,,,,,,,,
,,,,,,,,,,,,,,,,,,,,,,,342,,1.3191862106323242,0.6916078329086304,,,,,,,,,,,,,,,,,,,,,,,,,,,,,
,,,,,,,,,,,,,,,,,,,,,,,343,,1.3309825658798218,0.7316715717315674,,,,,,,,,,,,,,,,,,,,,,,,,,,,,
,,,,,,,,,,,,,,,,,,,,,,,344,,1.357408046722412,0.782933235168457,,,,,,,,,,,,,,,,,,,,,,,,,,,,,
,,,,,,,,,,,,,,,,,,,,,,,345,,1.3611609935760498,0.8061283230781555,,,,,,,,,,,,,,,,,,,,,,,,,,,,,
,,,,,,,,,,,,,,,,,,,,,,,346,,1.3498281240463257,0.7603257894515991,,,,,,,,,,,,,,,,,,,,,,,,,,,,,
,,,,,,,,,,,,,,,,,,,,,,,347,,1.3345279693603516,0.708134651184082,,,,,,,,,,,,,,,,,,,,,,,,,,,,,
,,,,,,,,,,,,,,,,,,,,,,,348,,1.3457977771759033,0.7591351866722107,,,,,,,,,,,,,,,,,,,,,,,,,,,,,
,,,,,,,,,,,,,,,,,,,,,,,349,,1.348781704902649,0.7662032842636108,,,,,,,,,,,,,,,,,,,,,,,,,,,,,
,,,,,,,,,,,,,,,,,,,,,,,350,,1.334892749786377,0.7243255972862244,,,,,,,,,,,,,,,,,,,,,,,,,,,,,
,,,,,,,,,,,,,,,,,,,,,,,351,,1.3305747509002686,0.7508676648139954,,,,,,,,,,,,,,,,,,,,,,,,,,,,,
,,,,,,,,,,,,,,,,,,,,,,,352,,1.3451011180877686,0.7253904938697815,,,,,,,,,,,,,,,,,,,,,,,,,,,,,
,,,,,,,,,,,,,,,,,,,,,,,353,,1.3462711572647095,0.753657341003418,,,,,,,,,,,,,,,,,,,,,,,,,,,,,
,,,,,,,,,,,,,,,,,,,,,,,354,,1.341613531112671,0.6907168030738831,,,,,,,,,,,,,,,,,,,,,,,,,,,,,
,,,,,,,,,,,,,,,,,,,,,,,355,,1.3496304750442505,0.8025825023651123,,,,,,,,,,,,,,,,,,,,,,,,,,,,,
,,,,,,,,,,,,,,,,,,,,,,,356,,1.3535170555114746,0.7476130723953247,,,,,,,,,,,,,,,,,,,,,,,,,,,,,
,,,,,,,,,,,,,,,,,,,,,,,357,,1.347978115081787,0.6773781776428223,,,,,,,,,,,,,,,,,,,,,,,,,,,,,
,,,,,,,,,,,,,,,,,,,,,,,358,,1.3496063947677612,0.761339545249939,,,,,,,,,,,,,,,,,,,,,,,,,,,,,
,,,,,,,,,,,,,,,,,,,,,,,359,,1.3503916263580322,0.7266870737075806,,,,,,,,,,,,,,,,,,,,,,,,,,,,,
,,,,,,,,,,,,,,,,,,,,,,,360,,1.349400520324707,0.7244706749916077,,,,,,,,,,,,,,,,,,,,,,,,,,,,,
,,,,,,,,,,,,,,,,,,,,,,,361,,1.3431203365325928,0.7496691346168518,,,,,,,,,,,,,,,,,,,,,,,,,,,,,
,,,,,,,,,,,,,,,,,,,,,,,362,,1.3515524864196777,0.7387369871139526,,,,,,,,,,,,,,,,,,,,,,,,,,,,,
,,,,,,,,,,,,,,,,,,,,,,,363,,1.3388557434082031,0.7326414585113525,,,,,,,,,,,,,,,,,,,,,,,,,,,,,
,,,,,,,,,,,,,,,,,,,,,,,364,,1.3398478031158447,0.7353185415267944,,,,,,,,,,,,,,,,,,,,,,,,,,,,,
,,,,,,,,,,,,,,,,,,,,,,,365,,1.3465416431427002,0.7170954942703247,,,,,,,,,,,,,,,,,,,,,,,,,,,,,
,,,,,,,,,,,,,,,,,,,,,,,366,,1.3363838195800781,0.6680560111999512,,,,,,,,,,,,,,,,,,,,,,,,,,,,,
,,,,,,,,,,,,,,,,,,,,,,,367,,1.3474128246307373,0.7441275715827942,,,,,,,,,,,,,,,,,,,,,,,,,,,,,
,,,,,,,,,,,,,,,,,,,,,,,368,,1.3463553190231323,0.7471843361854553,,,,,,,,,,,,,,,,,,,,,,,,,,,,,
,,,,,,,,,,,,,,,,,,,,,,,369,,1.3293218612670898,0.7007917761802673,,,,,,,,,,,,,,,,,,,,,,,,,,,,,
,,,,,,,,,,,,,,,,,,,,,,,370,,1.3462400436401367,0.7551901936531067,,,,,,,,,,,,,,,,,,,,,,,,,,,,,
,,,,,,,,,,,,,,,,,,,,,,,371,,1.3541193008422852,0.7630051374435425,,,,,,,,,,,,,,,,,,,,,,,,,,,,,
,,,,,,,,,,,,,,,,,,,,,,,372,,1.333127737045288,0.7124446630477905,,,,,,,,,,,,,,,,,,,,,,,,,,,,,
,,,,,,,,,,,,,,,,,,,,,,,373,,1.3456873893737793,0.7586146593093872,,,,,,,,,,,,,,,,,,,,,,,,,,,,,
,,,,,,,,,,,,,,,,,,,,,,,374,,1.3471832275390625,0.7237985134124756,,,,,,,,,,,,,,,,,,,,,,,,,,,,,
,,,,,,,,,,,,,,,,,,,,,,,375,,1.341902732849121,0.7352277040481567,,,,,,,,,,,,,,,,,,,,,,,,,,,,,
,,,,,,,,,,,,,,,,,,,,,,,376,,1.3252882957458496,0.6949597597122192,,,,,,,,,,,,,,,,,,,,,,,,,,,,,
,,,,,,,,,,,,,,,,,,,,,,,377,,1.3646926879882812,0.7771361470222473,,,,,,,,,,,,,,,,,,,,,,,,,,,,,
,,,,,,,,,,,,,,,,,,,,,,,378,,1.3594999313354492,0.8240242600440979,,,,,,,,,,,,,,,,,,,,,,,,,,,,,
,,,,,,,,,,,,,,,,,,,,,,,379,,1.347611427307129,0.673855185508728,,,,,,,,,,,,,,,,,,,,,,,,,,,,,
,,,,,,,,,,,,,,,,,,,,,,,380,,1.3129607439041138,0.7154709696769714,,,,,,,,,,,,,,,,,,,,,,,,,,,,,
,,,,,,,,,,,,,,,,,,,,,,,381,,1.3491383790969849,0.6692886352539062,,,,,,,,,,,,,,,,,,,,,,,,,,,,,
,,,,,,,,,,,,,,,,,,,,,,,382,,1.368126630783081,0.8444651365280151,,,,,,,,,,,,,,,,,,,,,,,,,,,,,
,,,,,,,,,,,,,,,,,,,,,,,383,,1.352766752243042,0.7351792454719543,,,,,,,,,,,,,,,,,,,,,,,,,,,,,
,,,,,,,,,,,,,,,,,,,,,,,384,,1.3384641408920288,0.6857216954231262,,,,,,,,,,,,,,,,,,,,,,,,,,,,,
,,,,,,,,,,,,,,,,,,,,,,,385,,1.3507130146026611,0.7459028959274292,,,,,,,,,,,,,,,,,,,,,,,,,,,,,
,,,,,,,,,,,,,,,,,,,,,,,386,,1.3627705574035645,0.7620103359222412,,,,,,,,,,,,,,,,,,,,,,,,,,,,,
,,,,,,,,,,,,,,,,,,,,,,,387,,1.3556435108184814,0.7285062670707703,,,,,,,,,,,,,,,,,,,,,,,,,,,,,
,,,,,,,,,,,,,,,,,,,,,,,388,,1.3394756317138672,0.7292203903198242,,,,,,,,,,,,,,,,,,,,,,,,,,,,,
,,,,,,,,,,,,,,,,,,,,,,,389,,1.347169280052185,0.7162994146347046,,,,,,,,,,,,,,,,,,,,,,,,,,,,,
,,,,,,,,,,,,,,,,,,,,,,,390,,1.3658466339111328,0.7509214282035828,,,,,,,,,,,,,,,,,,,,,,,,,,,,,
,,,,,,,,,,,,,,,,,,,,,,,391,,1.359013557434082,0.8002333641052246,,,,,,,,,,,,,,,,,,,,,,,,,,,,,
,,,,,,,,,,,,,,,,,,,,,,,392,,1.3407377004623413,0.6839414238929749,,,,,,,,,,,,,,,,,,,,,,,,,,,,,
,,,,,,,,,,,,,,,,,,,,,,,393,,1.307716965675354,0.7369856834411621,,,,,,,,,,,,,,,,,,,,,,,,,,,,,
,,,,,,,,,,,,,,,,,,,,,,,394,,1.3560502529144287,0.7658901810646057,,,,,,,,,,,,,,,,,,,,,,,,,,,,,
,,,,,,,,,,,,,,,,,,,,,,,395,,1.3705272674560547,0.7426026463508606,,,,,,,,,,,,,,,,,,,,,,,,,,,,,
,,,,,,,,,,,,,,,,,,,,,,,396,,1.3543329238891602,0.8026108741760254,,,,,,,,,,,,,,,,,,,,,,,,,,,,,
,,,,,,,,,,,,,,,,,,,,,,,397,,1.3699767589569092,0.70163494348526,,,,,,,,,,,,,,,,,,,,,,,,,,,,,
,,,,,,,,,,,,,,,,,,,,,,,398,,1.3530786037445068,0.7012397050857544,,,,,,,,,,,,,,,,,,,,,,,,,,,,,
,,,,,,,,,,,,,,,,,,,,,,,399,,1.311111569404602,0.7422645092010498,,,,,,,,,,,,,,,,,,,,,,,,,,,,,
,,,,,,,,,,,,,,,,,,,,,,,400,,1.2987077236175537,0.7602143883705139,,,,,,,,,,,,,,,,,,,,,,,,,,,,,
,,,,,,,,,,,,,,,,,,,,,,,401,,1.3667325973510742,0.7886442542076111,,,,,,,,,,,,,,,,,,,,,,,,,,,,,
,,,,,,,,,,,,,,,,,,,,,,,402,,1.36985182762146,0.8132752776145935,,,,,,,,,,,,,,,,,,,,,,,,,,,,,
,,,,,,,,,,,,,,,,,,,,,,,403,,1.360973596572876,0.7333908081054688,,,,,,,,,,,,,,,,,,,,,,,,,,,,,
,,,,,,,,,,,,,,,,,,,,,,,404,,1.3616132736206055,0.7163904905319214,,,,,,,,,,,,,,,,,,,,,,,,,,,,,
,,,,,,,,,,,,,,,,,,,,,,,405,,1.3474485874176025,0.6789748668670654,,,,,,,,,,,,,,,,,,,,,,,,,,,,,
,,,,,,,,,,,,,,,,,,,,,,,406,,1.3373253345489502,0.6718558669090271,,,,,,,,,,,,,,,,,,,,,,,,,,,,,
,,,,,,,,,,,,,,,,,,,,,,,407,,1.352766752243042,0.7750173807144165,,,,,,,,,,,,,,,,,,,,,,,,,,,,,
,,,,,,,,,,,,,,,,,,,,,,,408,,1.36129891872406,0.8087677359580994,,,,,,,,,,,,,,,,,,,,,,,,,,,,,
,,,,,,,,,,,,,,,,,,,,,,,409,,1.3519682884216309,0.7293243408203125,,,,,,,,,,,,,,,,,,,,,,,,,,,,,
,,,,,,,,,,,,,,,,,,,,,,,410,,1.3509646654129028,0.6700899600982666,,,,,,,,,,,,,,,,,,,,,,,,,,,,,
,,,,,,,,,,,,,,,,,,,,,,,411,,1.3520698547363281,0.716580331325531,,,,,,,,,,,,,,,,,,,,,,,,,,,,,
,,,,,,,,,,,,,,,,,,,,,,,412,,1.3709415197372437,0.7560096979141235,,,,,,,,,,,,,,,,,,,,,,,,,,,,,
,,,,,,,,,,,,,,,,,,,,,,,413,,1.3555924892425537,0.8022156357765198,,,,,,,,,,,,,,,,,,,,,,,,,,,,,
,,,,,,,,,,,,,,,,,,,,,,,414,,1.3478045463562012,0.6962695717811584,,,,,,,,,,,,,,,,,,,,,,,,,,,,,
,,,,,,,,,,,,,,,,,,,,,,,415,,1.334236979484558,0.7178497910499573,,,,,,,,,,,,,,,,,,,,,,,,,,,,,
,,,,,,,,,,,,,,,,,,,,,,,416,,1.3416926860809326,0.7384994626045227,,,,,,,,,,,,,,,,,,,,,,,,,,,,,
,,,,,,,,,,,,,,,,,,,,,,,417,,1.3656787872314453,0.750260591506958,,,,,,,,,,,,,,,,,,,,,,,,,,,,,
,,,,,,,,,,,,,,,,,,,,,,,418,,1.3781131505966187,0.7869038581848145,,,,,,,,,,,,,,,,,,,,,,,,,,,,,
,,,,,,,,,,,,,,,,,,,,,,,419,,1.3441414833068848,0.8189072608947754,,,,,,,,,,,,,,,,,,,,,,,,,,,,,
,,,,,,,,,,,,,,,,,,,,,,,420,,1.372957706451416,0.7358714938163757,,,,,,,,,,,,,,,,,,,,,,,,,,,,,
,,,,,,,,,,,,,,,,,,,,,,,421,,1.348347544670105,0.7351980209350586,,,,,,,,,,,,,,,,,,,,,,,,,,,,,
,,,,,,,,,,,,,,,,,,,,,,,422,,1.3076255321502686,0.6882930397987366,,,,,,,,,,,,,,,,,,,,,,,,,,,,,
,,,,,,,,,,,,,,,,,,,,,,,423,,1.2942521572113037,0.8129127621650696,,,,,,,,,,,,,,,,,,,,,,,,,,,,,
,,,,,,,,,,,,,,,,,,,,,,,424,,1.3860430717468262,0.7101755738258362,,,,,,,,,,,,,,,,,,,,,,,,,,,,,
,,,,,,,,,,,,,,,,,,,,,,,425,,1.3516595363616943,0.8005859851837158,,,,,,,,,,,,,,,,,,,,,,,,,,,,,
,,,,,,,,,,,,,,,,,,,,,,,426,,1.3679749965667725,0.7462209463119507,,,,,,,,,,,,,,,,,,,,,,,,,,,,,
,,,,,,,,,,,,,,,,,,,,,,,427,,1.3729318380355835,0.6975898742675781,,,,,,,,,,,,,,,,,,,,,,,,,,,,,
,,,,,,,,,,,,,,,,,,,,,,,428,,1.365614652633667,0.7102280855178833,,,,,,,,,,,,,,,,,,,,,,,,,,,,,
,,,,,,,,,,,,,,,,,,,,,,,429,,1.361569881439209,0.702411413192749,,,,,,,,,,,,,,,,,,,,,,,,,,,,,
,,,,,,,,,,,,,,,,,,,,,,,430,,1.3541924953460693,0.7175633311271667,,,,,,,,,,,,,,,,,,,,,,,,,,,,,
,,,,,,,,,,,,,,,,,,,,,,,431,,1.3572382926940918,0.7629232406616211,,,,,,,,,,,,,,,,,,,,,,,,,,,,,
,,,,,,,,,,,,,,,,,,,,,,,432,,1.3583877086639404,0.7467777729034424,,,,,,,,,,,,,,,,,,,,,,,,,,,,,
,,,,,,,,,,,,,,,,,,,,,,,433,,1.3565889596939087,0.723135232925415,,,,,,,,,,,,,,,,,,,,,,,,,,,,,
,,,,,,,,,,,,,,,,,,,,,,,434,,1.366640329360962,0.7100545763969421,,,,,,,,,,,,,,,,,,,,,,,,,,,,,
,,,,,,,,,,,,,,,,,,,,,,,435,,1.3606462478637695,0.7171981930732727,,,,,,,,,,,,,,,,,,,,,,,,,,,,,
,,,,,,,,,,,,,,,,,,,,,,,436,,1.3534672260284424,0.8019644618034363,,,,,,,,,,,,,,,,,,,,,,,,,,,,,
,,,,,,,,,,,,,,,,,,,,,,,437,,1.356935739517212,0.7018225193023682,,,,,,,,,,,,,,,,,,,,,,,,,,,,,
,,,,,,,,,,,,,,,,,,,,,,,438,,1.334240198135376,0.6795669794082642,,,,,,,,,,,,,,,,,,,,,,,,,,,,,
,,,,,,,,,,,,,,,,,,,,,,,439,,1.3281288146972656,0.7136836051940918,,,,,,,,,,,,,,,,,,,,,,,,,,,,,
,,,,,,,,,,,,,,,,,,,,,,,440,,1.3620824813842773,0.746189534664154,,,,,,,,,,,,,,,,,,,,,,,,,,,,,
,,,,,,,,,,,,,,,,,,,,,,,441,,1.3640384674072266,0.7929790019989014,,,,,,,,,,,,,,,,,,,,,,,,,,,,,
,,,,,,,,,,,,,,,,,,,,,,,442,,1.3653182983398438,0.716710090637207,,,,,,,,,,,,,,,,,,,,,,,,,,,,,
,,,,,,,,,,,,,,,,,,,,,,,443,,1.355088233947754,0.6996929049491882,,,,,,,,,,,,,,,,,,,,,,,,,,,,,
,,,,,,,,,,,,,,,,,,,,,,,444,,1.3501317501068115,0.6855226159095764,,,,,,,,,,,,,,,,,,,,,,,,,,,,,
,,,,,,,,,,,,,,,,,,,,,,,445,,1.3562486171722412,0.7416470050811768,,,,,,,,,,,,,,,,,,,,,,,,,,,,,
,,,,,,,,,,,,,,,,,,,,,,,446,,1.3450303077697754,0.837022602558136,,,,,,,,,,,,,,,,,,,,,,,,,,,,,
,,,,,,,,,,,,,,,,,,,,,,,447,,1.3559370040893555,0.7342606782913208,,,,,,,,,,,,,,,,,,,,,,,,,,,,,
,,,,,,,,,,,,,,,,,,,,,,,448,,1.3533962965011597,0.6732204556465149,,,,,,,,,,,,,,,,,,,,,,,,,,,,,
,,,,,,,,,,,,,,,,,,,,,,,449,,1.3397371768951416,0.72613924741745,,,,,,,,,,,,,,,,,,,,,,,,,,,,,
,,,,,,,,,,,,,,,,,,,,,,,450,,1.3488891124725342,0.7030495405197144,,,,,,,,,,,,,,,,,,,,,,,,,,,,,
,,,,,,,,,,,,,,,,,,,,,,,451,,1.3739982843399048,0.7459431886672974,,,,,,,,,,,,,,,,,,,,,,,,,,,,,
,,,,,,,,,,,,,,,,,,,,,,,452,,1.3660950660705566,0.7796229720115662,,,,,,,,,,,,,,,,,,,,,,,,,,,,,
,,,,,,,,,,,,,,,,,,,,,,,453,,1.3706578016281128,0.7639042139053345,,,,,,,,,,,,,,,,,,,,,,,,,,,,,
,,,,,,,,,,,,,,,,,,,,,,,454,,1.3688311576843262,0.7121073603630066,,,,,,,,,,,,,,,,,,,,,,,,,,,,,
,,,,,,,,,,,,,,,,,,,,,,,455,,1.3504589796066284,0.7307148575782776,,,,,,,,,,,,,,,,,,,,,,,,,,,,,
,,,,,,,,,,,,,,,,,,,,,,,456,,1.3274644613265991,0.7293576002120972,,,,,,,,,,,,,,,,,,,,,,,,,,,,,
,,,,,,,,,,,,,,,,,,,,,,,457,,1.3575384616851807,0.7171914577484131,,,,,,,,,,,,,,,,,,,,,,,,,,,,,
,,,,,,,,,,,,,,,,,,,,,,,458,,1.3619647026062012,0.7791264057159424,,,,,,,,,,,,,,,,,,,,,,,,,,,,,
,,,,,,,,,,,,,,,,,,,,,,,459,,1.3550972938537598,0.7313024401664734,,,,,,,,,,,,,,,,,,,,,,,,,,,,,
,,,,,,,,,,,,,,,,,,,,,,,460,,1.3590692281723022,0.7164344787597656,,,,,,,,,,,,,,,,,,,,,,,,,,,,,
,,,,,,,,,,,,,,,,,,,,,,,461,,1.3597767353057861,0.7091963291168213,,,,,,,,,,,,,,,,,,,,,,,,,,,,,
,,,,,,,,,,,,,,,,,,,,,,,462,,1.3500185012817383,0.6934102177619934,,,,,,,,,,,,,,,,,,,,,,,,,,,,,
,,,,,,,,,,,,,,,,,,,,,,,463,,1.3603323698043823,0.7058459520339966,,,,,,,,,,,,,,,,,,,,,,,,,,,,,
,,,,,,,,,,,,,,,,,,,,,,,464,,1.3662996292114258,0.731764554977417,,,,,,,,,,,,,,,,,,,,,,,,,,,,,
,,,,,,,,,,,,,,,,,,,,,,,465,,1.3578410148620605,0.7704870700836182,,,,,,,,,,,,,,,,,,,,,,,,,,,,,
,,,,,,,,,,,,,,,,,,,,,,,466,,1.3628005981445312,0.7523537874221802,,,,,,,,,,,,,,,,,,,,,,,,,,,,,
,,,,,,,,,,,,,,,,,,,,,,,467,,1.3521573543548584,0.7246831655502319,,,,,,,,,,,,,,,,,,,,,,,,,,,,,
,,,,,,,,,,,,,,,,,,,,,,,468,,1.3584585189819336,0.70896315574646,,,,,,,,,,,,,,,,,,,,,,,,,,,,,
,,,,,,,,,,,,,,,,,,,,,,,469,,1.3572938442230225,0.7212849259376526,,,,,,,,,,,,,,,,,,,,,,,,,,,,,
,,,,,,,,,,,,,,,,,,,,,,,470,,1.3414037227630615,0.8698746562004089,,,,,,,,,,,,,,,,,,,,,,,,,,,,,
,,,,,,,,,,,,,,,,,,,,,,,471,,1.3423738479614258,0.7038061618804932,,,,,,,,,,,,,,,,,,,,,,,,,,,,,
,,,,,,,,,,,,,,,,,,,,,,,472,,1.2984693050384521,0.6659107208251953,,,,,,,,,,,,,,,,,,,,,,,,,,,,,
,,,,,,,,,,,,,,,,,,,,,,,473,,1.2922834157943726,0.7207521200180054,,,,,,,,,,,,,,,,,,,,,,,,,,,,,
,,,,,,,,,,,,,,,,,,,,,,,474,,1.360999584197998,0.7609544992446899,,,,,,,,,,,,,,,,,,,,,,,,,,,,,
,,,,,,,,,,,,,,,,,,,,,,,475,,1.3642504215240479,0.7192121148109436,,,,,,,,,,,,,,,,,,,,,,,,,,,,,
,,,,,,,,,,,,,,,,,,,,,,,476,,1.3716723918914795,0.74039626121521,,,,,,,,,,,,,,,,,,,,,,,,,,,,,
,,,,,,,,,,,,,,,,,,,,,,,477,,1.347790002822876,0.7032752633094788,,,,,,,,,,,,,,,,,,,,,,,,,,,,,
,,,,,,,,,,,,,,,,,,,,,,,478,,1.3430438041687012,0.7373375296592712,,,,,,,,,,,,,,,,,,,,,,,,,,,,,
,,,,,,,,,,,,,,,,,,,,,,,479,,1.3689379692077637,0.7460233569145203,,,,,,,,,,,,,,,,,,,,,,,,,,,,,
,,,,,,,,,,,,,,,,,,,,,,,480,,1.374740481376648,0.7561483383178711,,,,,,,,,,,,,,,,,,,,,,,,,,,,,
,,,,,,,,,,,,,,,,,,,,,,,481,,1.3697218894958496,0.7303215265274048,,,,,,,,,,,,,,,,,,,,,,,,,,,,,
,,,,,,,,,,,,,,,,,,,,,,,482,,1.358651876449585,0.7181656956672668,,,,,,,,,,,,,,,,,,,,,,,,,,,,,
,,,,,,,,,,,,,,,,,,,,,,,483,,1.365990400314331,0.7152413129806519,,,,,,,,,,,,,,,,,,,,,,,,,,,,,
,,,,,,,,,,,,,,,,,,,,,,,484,,1.3684003353118896,0.6972476840019226,,,,,,,,,,,,,,,,,,,,,,,,,,,,,
,,,,,,,,,,,,,,,,,,,,,,,485,,1.373598337173462,0.6933571100234985,,,,,,,,,,,,,,,,,,,,,,,,,,,,,
,,,,,,,,,,,,,,,,,,,,,,,486,,1.3685917854309082,0.6977985501289368,,,,,,,,,,,,,,,,,,,,,,,,,,,,,
,,,,,,,,,,,,,,,,,,,,,,,487,,1.353010892868042,0.7237809896469116,,,,,,,,,,,,,,,,,,,,,,,,,,,,,
,,,,,,,,,,,,,,,,,,,,,,,488,,1.3701553344726562,0.7301691174507141,,,,,,,,,,,,,,,,,,,,,,,,,,,,,
,,,,,,,,,,,,,,,,,,,,,,,489,,1.3619498014450073,0.7552555203437805,,,,,,,,,,,,,,,,,,,,,,,,,,,,,
,,,,,,,,,,,,,,,,,,,,,,,490,,1.3577533960342407,0.7124767303466797,,,,,,,,,,,,,,,,,,,,,,,,,,,,,
,,,,,,,,,,,,,,,,,,,,,,,491,,1.3628795146942139,0.678546667098999,,,,,,,,,,,,,,,,,,,,,,,,,,,,,
,,,,,,,,,,,,,,,,,,,,,,,492,,1.362937569618225,0.7404939532279968,,,,,,,,,,,,,,,,,,,,,,,,,,,,,
,,,,,,,,,,,,,,,,,,,,,,,493,,1.3651316165924072,0.6951884031295776,,,,,,,,,,,,,,,,,,,,,,,,,,,,,
,,,,,,,,,,,,,,,,,,,,,,,494,,1.362471103668213,0.7340938448905945,,,,,,,,,,,,,,,,,,,,,,,,,,,,,
,,,,,,,,,,,,,,,,,,,,,,,495,,1.371070384979248,0.706091582775116,,,,,,,,,,,,,,,,,,,,,,,,,,,,,
,,,,,,,,,,,,,,,,,,,,,,,496,,1.345068097114563,0.7418885827064514,,,,,,,,,,,,,,,,,,,,,,,,,,,,,
,,,,,,,,,,,,,,,,,,,,,,,497,,1.3589743375778198,0.6978521943092346,,,,,,,,,,,,,,,,,,,,,,,,,,,,,
,,,,,,,,,,,,,,,,,,,,,,,498,,1.3545582294464111,0.745751678943634,,,,,,,,,,,,,,,,,,,,,,,,,,,,,
,,,,,,,,,,,,,,,,,,,,,,,499,,1.3637003898620605,0.7297413349151611,,,,,,,,,,,,,,,,,,,,,,,,,,,,,
,,,,,,,,,,,,,,,,,,,,,,,500,,1.3576781749725342,0.7198324799537659,,,,,,,,,,,,,,,,,,,,,,,,,,,,,
